system:index,ir_0,ir_1,ir_2,.geo
0,2827.0,2458.0,3052.0,"{""geodesic"":false,""type"":""Point"",""coordinates"":[83.60705689252379,26.261843089356358]}"
1,2421.0,2139.0,3045.0,"{""geodesic"":false,""type"":""Point"",""coordinates"":[83.56312927513034,26.277204280714802]}"
2,2716.0,2363.0,3045.0,"{""geodesic"":false,""type"":""Point"",""coordinates"":[83.59115671199487,26.277204280714802]}"
3,2963.0,2625.0,3036.0,"{""geodesic"":false,""type"":""Point"",""coordinates"":[83.58226339068209,26.287714569539002]}"
4,2366.0,2398.0,3057.0,"{""geodesic"":false,""type"":""Point"",""coordinates"":[83.64074371567827,26.287714569539002]}"
5,2531.0,2138.0,3029.0,"{""geodesic"":false,""type"":""Point"",""coordinates"":[83.55477494298803,26.313586049721643]}"
6,2929.0,1925.0,3041.0,"{""geodesic"":false,""type"":""Point"",""coordinates"":[83.59870256038147,26.32032341435254]}"
7,2519.0,2516.0,3055.0,"{""geodesic"":false,""type"":""Point"",""coordinates"":[83.41140382364256,26.328408251909615]}"
8,2824.0,2432.0,3041.0,"{""geodesic"":false,""type"":""Point"",""coordinates"":[83.4725790944911,26.352393269995606]}"
9,3025.0,2639.0,3046.0,"{""geodesic"":false,""type"":""Point"",""coordinates"":[83.43619732548426,26.3553577104332]}"
10,2588.0,2602.0,3047.0,"{""geodesic"":false,""type"":""Point"",""coordinates"":[83.40170201857407,26.372066374717825]}"
11,2903.0,2563.0,3042.0,"{""geodesic"":false,""type"":""Point"",""coordinates"":[83.43538884172854,26.405753197872308]}"
12,2547.0,2571.0,3046.0,"{""geodesic"":false,""type"":""Point"",""coordinates"":[83.41760219910297,26.450758793606695]}"
13,2707.0,3102.0,3039.0,"{""geodesic"":false,""type"":""Point"",""coordinates"":[83.42110562871105,26.489296519295422]}"
14,2862.0,2861.0,3041.0,"{""geodesic"":false,""type"":""Point"",""coordinates"":[83.39280869726129,26.511395075284764]}"
15,3127.0,3288.0,3056.0,"{""geodesic"":false,""type"":""Point"",""coordinates"":[83.47554353492869,26.51489850489283]}"
16,2589.0,1842.0,3044.0,"{""geodesic"":false,""type"":""Point"",""coordinates"":[83.48659281292336,26.517323956159952]}"
17,2577.0,2498.0,3056.0,"{""geodesic"":false,""type"":""Point"",""coordinates"":[83.46045183815548,26.5259477828875]}"
18,2779.0,2937.0,3043.0,"{""geodesic"":false,""type"":""Point"",""coordinates"":[83.47581302951393,26.526217277472735]}"
19,2597.0,2778.0,3041.0,"{""geodesic"":false,""type"":""Point"",""coordinates"":[83.47284858907634,26.528103739569385]}"
20,2252.0,2205.0,3039.0,"{""geodesic"":false,""type"":""Point"",""coordinates"":[83.55315797547661,26.528103739569385]}"
21,2769.0,2579.0,3038.0,"{""geodesic"":false,""type"":""Point"",""coordinates"":[83.55800887801087,26.528103739569385]}"
22,2553.0,2245.0,3044.0,"{""geodesic"":false,""type"":""Point"",""coordinates"":[83.5523494917209,26.53753605005264]}"
23,2528.0,2683.0,3037.0,"{""geodesic"":false,""type"":""Point"",""coordinates"":[83.46449425693402,26.815115472845573]}"
24,2554.0,2512.0,3035.0,"{""geodesic"":false,""type"":""Point"",""coordinates"":[83.42056663954057,26.82104435372076]}"
25,2630.0,2765.0,3030.0,"{""geodesic"":false,""type"":""Point"",""coordinates"":[83.46557223527496,26.8288596966926]}"
26,2287.0,2447.0,3035.0,"{""geodesic"":false,""type"":""Point"",""coordinates"":[83.41733270451775,26.836405545079206]}"
27,1899.0,1855.0,3013.0,"{""geodesic"":false,""type"":""Point"",""coordinates"":[83.39415617018746,26.85176673643765]}"
28,2358.0,2569.0,3026.0,"{""geodesic"":false,""type"":""Point"",""coordinates"":[83.47581302951393,26.852036231022886]}"
29,2181.0,1843.0,3025.0,"{""geodesic"":false,""type"":""Point"",""coordinates"":[83.44616862513799,26.85284471477859]}"
30,2333.0,2333.0,3033.0,"{""geodesic"":false,""type"":""Point"",""coordinates"":[83.42838198251242,26.87117034657463]}"
31,2783.5,2114.0,3006.5,"{""geodesic"":false,""type"":""Point"",""coordinates"":[83.41194281281302,26.90054525636534]}"
32,2683.0,2973.0,3031.0,"{""geodesic"":false,""type"":""Point"",""coordinates"":[83.31438577295765,26.814845978260337]}"
33,2421.0,2322.0,3032.0,"{""geodesic"":false,""type"":""Point"",""coordinates"":[83.17559606156118,26.81538496743081]}"
34,2257.0,2405.0,3055.0,"{""geodesic"":false,""type"":""Point"",""coordinates"":[83.3620863145444,26.818079913283167]}"
35,2677.0,2266.0,3024.0,"{""geodesic"":false,""type"":""Point"",""coordinates"":[83.26695472595614,26.81861890245364]}"
36,1491.0,1314.0,3001.0,"{""geodesic"":false,""type"":""Point"",""coordinates"":[83.35750490659538,26.824278288743592]}"
37,2339.0,2469.0,3036.0,"{""geodesic"":false,""type"":""Point"",""coordinates"":[83.3275910076342,26.825356267084537]}"
38,1872.0,2126.0,3026.0,"{""geodesic"":false,""type"":""Point"",""coordinates"":[83.36612873332292,26.82778171835166]}"
39,2720.0,2548.0,3038.0,"{""geodesic"":false,""type"":""Point"",""coordinates"":[83.32139263217378,26.82832070752213]}"
40,2438.0,2072.0,3016.0,"{""geodesic"":false,""type"":""Point"",""coordinates"":[83.33351988850939,26.82966818044831]}"
41,2458.0,2426.0,3026.0,"{""geodesic"":false,""type"":""Point"",""coordinates"":[83.20227602549953,26.836675039664442]}"
42,2332.0,2350.0,3016.0,"{""geodesic"":false,""type"":""Point"",""coordinates"":[83.24593414830774,26.836675039664442]}"
43,2554.0,2759.0,3030.0,"{""geodesic"":false,""type"":""Point"",""coordinates"":[83.36154732537392,26.836944534249678]}"
44,2462.0,1685.0,3028.0,"{""geodesic"":false,""type"":""Point"",""coordinates"":[83.28878378736025,26.838292007175856]}"
45,2758.0,2298.0,3015.0,"{""geodesic"":false,""type"":""Point"",""coordinates"":[83.25186302918293,26.839639480102036]}"
46,2457.0,2371.0,3037.0,"{""geodesic"":false,""type"":""Point"",""coordinates"":[83.16454678356651,26.84583785556246]}"
47,2796.0,2268.0,3026.0,"{""geodesic"":false,""type"":""Point"",""coordinates"":[83.23919678367685,26.846376844732934]}"
48,2657.0,2273.0,3009.0,"{""geodesic"":false,""type"":""Point"",""coordinates"":[83.3898442568237,26.857156628142366]}"
49,2581.0,2598.0,3036.0,"{""geodesic"":false,""type"":""Point"",""coordinates"":[83.23623234323925,26.85769561731284]}"
50,2523.0,2580.0,3028.0,"{""geodesic"":false,""type"":""Point"",""coordinates"":[83.38310689219279,26.86200753067661]}"
51,2428.0,2445.0,3032.0,"{""geodesic"":false,""type"":""Point"",""coordinates"":[83.24458667538156,26.869553379063216]}"
52,2582.0,2475.0,3035.0,"{""geodesic"":false,""type"":""Point"",""coordinates"":[83.24216122411444,26.874943270767933]}"
53,2237.0,2215.0,3022.0,"{""geodesic"":false,""type"":""Point"",""coordinates"":[83.29713811950255,26.878716194961235]}"
54,2927.0,2676.0,3040.0,"{""geodesic"":false,""type"":""Point"",""coordinates"":[83.24377819162585,26.882219624569302]}"
55,2791.0,2949.0,3020.0,"{""geodesic"":false,""type"":""Point"",""coordinates"":[83.38445436511897,26.883028108325007]}"
56,2810.0,2682.0,3039.0,"{""geodesic"":false,""type"":""Point"",""coordinates"":[83.2389272890916,26.88760951627402]}"
57,2541.0,2330.0,3024.0,"{""geodesic"":false,""type"":""Point"",""coordinates"":[83.23704082699496,26.891651935052558]}"
58,2171.0,1173.5,2966.0,"{""geodesic"":false,""type"":""Point"",""coordinates"":[83.38714931097132,26.8927299133935]}"
59,2325.0,2347.0,3021.0,"{""geodesic"":false,""type"":""Point"",""coordinates"":[83.2696496718085,26.912403018115718]}"
60,2487.0,1920.5,2999.0,"{""geodesic"":false,""type"":""Point"",""coordinates"":[83.32678252387849,26.912942007286187]}"
61,2487.5,2029.0,3007.0,"{""geodesic"":false,""type"":""Point"",""coordinates"":[83.27450057434274,26.962529010969586]}"
62,2824.0,2303.0,3008.0,"{""geodesic"":false,""type"":""Point"",""coordinates"":[83.30468396788916,27.004031177095907]}"
63,2473.0,1877.0,3009.0,"{""geodesic"":false,""type"":""Point"",""coordinates"":[83.31573324588382,27.032328108545673]}"
64,2447.0,1441.0,3042.0,"{""geodesic"":false,""type"":""Point"",""coordinates"":[83.37097963585718,26.357783161700326]}"
65,2717.0,2915.0,3057.0,"{""geodesic"":false,""type"":""Point"",""coordinates"":[83.3200451592476,26.39712937114476]}"
66,3035.0,1723.0,3046.0,"{""geodesic"":false,""type"":""Point"",""coordinates"":[83.3771780113176,26.39766836031523]}"
67,2616.0,2657.0,3041.0,"{""geodesic"":false,""type"":""Point"",""coordinates"":[83.13247692792345,26.416263486696504]}"
68,2500.0,1910.0,3044.0,"{""geodesic"":false,""type"":""Point"",""coordinates"":[83.35723541201014,26.424348324253582]}"
69,2634.0,2786.0,3050.0,"{""geodesic"":false,""type"":""Point"",""coordinates"":[83.2162897439318,26.43297215098113]}"
70,2572.0,2127.0,3044.0,"{""geodesic"":false,""type"":""Point"",""coordinates"":[83.13948378713958,26.449950309850987]}"
71,2704.0,2982.0,3056.0,"{""geodesic"":false,""type"":""Point"",""coordinates"":[83.16131284854367,26.45372323404429]}"
72,2805.0,2518.0,3047.0,"{""geodesic"":false,""type"":""Point"",""coordinates"":[83.32435707261138,26.46019110408995]}"
73,2430.0,2263.0,3045.0,"{""geodesic"":false,""type"":""Point"",""coordinates"":[83.21575075476132,26.461808071601364]}"
74,2421.0,2420.0,3047.0,"{""geodesic"":false,""type"":""Point"",""coordinates"":[83.11549876905359,26.463694533698018]}"
75,2462.0,2541.0,3042.0,"{""geodesic"":false,""type"":""Point"",""coordinates"":[83.22814750568217,26.466928468720845]}"
76,2532.0,2325.0,3044.0,"{""geodesic"":false,""type"":""Point"",""coordinates"":[83.13867530338386,26.469623414573206]}"
77,2422.0,2460.0,3046.0,"{""geodesic"":false,""type"":""Point"",""coordinates"":[83.18880129623774,26.473935327936978]}"
78,2544.0,2371.0,3045.0,"{""geodesic"":false,""type"":""Point"",""coordinates"":[83.34968956362354,26.484984605931647]}"
79,2506.0,2496.0,3052.0,"{""geodesic"":false,""type"":""Point"",""coordinates"":[83.25698342630241,26.491182981392072]}"
80,2558.0,2513.0,3054.0,"{""geodesic"":false,""type"":""Point"",""coordinates"":[83.32489606178184,26.491182981392072]}"
81,2376.0,1941.0,3045.0,"{""geodesic"":false,""type"":""Point"",""coordinates"":[83.36532024956722,26.49792034602297]}"
82,2421.0,2509.0,3061.0,"{""geodesic"":false,""type"":""Point"",""coordinates"":[83.2418917295292,26.507352656506225]}"
83,2616.0,1222.0,3042.0,"{""geodesic"":false,""type"":""Point"",""coordinates"":[83.30171952745157,26.513820526551886]}"
84,2639.0,2642.0,3043.0,"{""geodesic"":false,""type"":""Point"",""coordinates"":[83.22329660314793,26.524330815376082]}"
85,2670.0,2513.0,3038.0,"{""geodesic"":false,""type"":""Point"",""coordinates"":[83.44266519552991,26.54076998507547]}"
86,2475.0,2498.0,3036.0,"{""geodesic"":false,""type"":""Point"",""coordinates"":[83.4741960620025,26.54589038219495]}"
87,2699.0,2777.0,3039.0,"{""geodesic"":false,""type"":""Point"",""coordinates"":[83.45964335439977,26.546429371365424]}"
88,2320.0,2366.0,3050.0,"{""geodesic"":false,""type"":""Point"",""coordinates"":[83.48201140497434,26.549663306388254]}"
89,1026.0,663.0,3018.0,"{""geodesic"":false,""type"":""Point"",""coordinates"":[83.44293469011515,26.556939660189624]}"
90,2777.0,2156.5,3044.5,"{""geodesic"":false,""type"":""Point"",""coordinates"":[83.52405256027114,26.559904100627218]}"
91,2885.5,2662.0,3037.5,"{""geodesic"":false,""type"":""Point"",""coordinates"":[83.50896086349793,26.56556348691717]}"
92,2628.0,2314.0,3043.0,"{""geodesic"":false,""type"":""Point"",""coordinates"":[83.5192016577369,26.56744994901382]}"
93,2389.0,2342.0,3054.0,"{""geodesic"":false,""type"":""Point"",""coordinates"":[83.4688061702978,26.567988938184293]}"
94,2502.0,2406.0,3022.0,"{""geodesic"":false,""type"":""Point"",""coordinates"":[83.44832458181986,26.569875400280942]}"
95,673.0,417.0,3013.0,"{""geodesic"":false,""type"":""Point"",""coordinates"":[83.49629461799185,26.57068388403665]}"
96,2609.0,2828.0,3043.0,"{""geodesic"":false,""type"":""Point"",""coordinates"":[83.50815237974223,26.57149236779236]}"
97,1067.0,679.0,3020.0,"{""geodesic"":false,""type"":""Point"",""coordinates"":[83.4981810800885,26.577151754082312]}"
98,2216.0,2196.0,3040.0,"{""geodesic"":false,""type"":""Point"",""coordinates"":[83.46395526776355,26.577690743252784]}"
99,2691.0,2594.0,3030.0,"{""geodesic"":false,""type"":""Point"",""coordinates"":[83.44212620635945,26.588470526662217]}"
100,2655.0,2433.0,3045.0,"{""geodesic"":false,""type"":""Point"",""coordinates"":[83.50168450969656,26.59412991295217]}"
101,2360.0,2166.0,3035.0,"{""geodesic"":false,""type"":""Point"",""coordinates"":[83.43296339046142,26.594668902122642]}"
102,2559.0,2530.0,3042.0,"{""geodesic"":false,""type"":""Point"",""coordinates"":[83.46072133274072,26.59655536421929]}"
103,2439.0,2133.0,3037.0,"{""geodesic"":false,""type"":""Point"",""coordinates"":[83.42487855290435,26.597902837145472]}"
104,2942.0,3059.0,3058.0,"{""geodesic"":false,""type"":""Point"",""coordinates"":[83.44320418470039,26.59871132090118]}"
105,3066.0,3025.0,3055.0,"{""geodesic"":false,""type"":""Point"",""coordinates"":[83.45209750601317,26.599519804656886]}"
106,2777.0,3037.0,3045.0,"{""geodesic"":false,""type"":""Point"",""coordinates"":[83.43997024967756,26.60194525592401]}"
107,2035.0,1749.0,3022.0,"{""geodesic"":false,""type"":""Point"",""coordinates"":[83.5057269284751,26.607335147628728]}"
108,2583.0,2102.0,3044.0,"{""geodesic"":false,""type"":""Point"",""coordinates"":[83.4650332461045,26.609491104310614]}"
109,2438.0,2446.0,3050.0,"{""geodesic"":false,""type"":""Point"",""coordinates"":[83.49764209091803,26.616767458111983]}"
110,2746.0,2236.0,3028.0,"{""geodesic"":false,""type"":""Point"",""coordinates"":[83.50464895013415,26.616767458111983]}"
111,2297.0,2402.0,3041.0,"{""geodesic"":false,""type"":""Point"",""coordinates"":[83.46179931108166,26.61946240396434]}"
112,2367.0,1622.0,3007.0,"{""geodesic"":false,""type"":""Point"",""coordinates"":[83.54965454586855,26.622426844401936]}"
113,2514.0,2413.0,3037.0,"{""geodesic"":false,""type"":""Point"",""coordinates"":[83.48901826419048,26.623235328157644]}"
114,2366.0,1967.0,3038.0,"{""geodesic"":false,""type"":""Point"",""coordinates"":[83.50437945554893,26.62350482274288]}"
115,2397.0,2534.0,3039.0,"{""geodesic"":false,""type"":""Point"",""coordinates"":[83.43538884172854,26.62619976859524]}"
116,2631.0,2465.0,3041.0,"{""geodesic"":false,""type"":""Point"",""coordinates"":[83.46476375151926,26.62808623069189]}"
117,2641.0,2698.0,3039.0,"{""geodesic"":false,""type"":""Point"",""coordinates"":[83.41221230739826,26.62862521986236]}"
118,2458.0,2187.0,3032.0,"{""geodesic"":false,""type"":""Point"",""coordinates"":[83.46018234357024,26.634015111567077]}"
119,2267.0,2130.0,3044.0,"{""geodesic"":false,""type"":""Point"",""coordinates"":[83.58414985277874,26.634823595322786]}"
120,2343.0,2569.0,3033.0,"{""geodesic"":false,""type"":""Point"",""coordinates"":[83.40924786696067,26.635362584493258]}"
121,2358.0,1622.0,3029.0,"{""geodesic"":false,""type"":""Point"",""coordinates"":[83.43161591753524,26.64937630292552]}"
122,2817.0,2736.0,3043.0,"{""geodesic"":false,""type"":""Point"",""coordinates"":[83.41463775866538,26.649645797510757]}"
123,2396.0,2399.0,3047.0,"{""geodesic"":false,""type"":""Point"",""coordinates"":[83.39685111603981,26.65395771087453]}"
124,2652.0,2591.0,3034.0,"{""geodesic"":false,""type"":""Point"",""coordinates"":[83.40089353481835,26.65853911882354]}"
125,2286.0,2429.0,3046.0,"{""geodesic"":false,""type"":""Point"",""coordinates"":[83.56636321015317,26.66258153760208]}"
126,2526.0,2556.0,3022.0,"{""geodesic"":false,""type"":""Point"",""coordinates"":[83.40547494276737,26.662851032187312]}"
127,2264.0,2256.0,3028.0,"{""geodesic"":false,""type"":""Point"",""coordinates"":[83.598163571211,26.669049407647737]}"
128,2317.0,2253.0,3045.0,"{""geodesic"":false,""type"":""Point"",""coordinates"":[83.57444804771025,26.68441059900618]}"
129,2429.0,2606.0,3045.0,"{""geodesic"":false,""type"":""Point"",""coordinates"":[83.5485765675276,26.685488577347126]}"
130,2479.0,1868.0,3011.0,"{""geodesic"":false,""type"":""Point"",""coordinates"":[83.44077873343326,26.687914028614248]}"
131,2556.0,2039.0,3030.0,"{""geodesic"":false,""type"":""Point"",""coordinates"":[83.4485940764051,26.68845301778472]}"
132,2070.0,1944.0,3036.0,"{""geodesic"":false,""type"":""Point"",""coordinates"":[83.51273378769123,26.690069985296134]}"
133,1373.0,403.0,2967.0,"{""geodesic"":false,""type"":""Point"",""coordinates"":[83.44455165762656,26.693842909489437]}"
134,2549.0,2231.0,3043.0,"{""geodesic"":false,""type"":""Point"",""coordinates"":[83.58280237985257,26.69438189865991]}"
135,2483.0,2743.0,3045.0,"{""geodesic"":false,""type"":""Point"",""coordinates"":[83.45209750601317,26.69572937158609]}"
136,2184.0,2560.0,3048.0,"{""geodesic"":false,""type"":""Point"",""coordinates"":[83.47823848078104,26.70084976870557]}"
137,2290.0,2196.0,3038.0,"{""geodesic"":false,""type"":""Point"",""coordinates"":[83.56151230761893,26.712977025041184]}"
138,2131.0,2334.0,3033.0,"{""geodesic"":false,""type"":""Point"",""coordinates"":[83.41787169368821,26.717288938404955]}"
139,2364.0,2290.0,3023.0,"{""geodesic"":false,""type"":""Point"",""coordinates"":[83.39712061062505,26.72160085176873]}"
140,2114.0,2006.0,3028.0,"{""geodesic"":false,""type"":""Point"",""coordinates"":[83.4162547261768,26.722678830109675]}"
141,2233.0,2361.0,3038.0,"{""geodesic"":false,""type"":""Point"",""coordinates"":[83.53105941948728,26.72348731386538]}"
142,2059.0,2171.0,3025.0,"{""geodesic"":false,""type"":""Point"",""coordinates"":[83.43026844460907,26.72564327054727]}"
143,2484.0,1346.0,2998.0,"{""geodesic"":false,""type"":""Point"",""coordinates"":[83.46099082732596,26.727799227229156]}"
144,2160.0,2238.0,3028.0,"{""geodesic"":false,""type"":""Point"",""coordinates"":[83.4275734987567,26.73076366766675]}"
145,2449.0,2203.0,3034.0,"{""geodesic"":false,""type"":""Point"",""coordinates"":[83.49333017755426,26.736423053956702]}"
146,1141.0,454.0,2959.0,"{""geodesic"":false,""type"":""Point"",""coordinates"":[83.402779996915,26.738848505223825]}"
147,2100.0,2329.0,3026.0,"{""geodesic"":false,""type"":""Point"",""coordinates"":[83.42514804748959,26.73992648356477]}"
148,2186.0,1728.0,3027.0,"{""geodesic"":false,""type"":""Point"",""coordinates"":[83.43916176592185,26.741273956490947]}"
149,1968.0,2156.0,3026.0,"{""geodesic"":false,""type"":""Point"",""coordinates"":[83.41571573700632,26.743429913172836]}"
150,2569.0,2223.0,3047.0,"{""geodesic"":false,""type"":""Point"",""coordinates"":[83.5561224159142,26.74639435361043]}"
151,2377.0,1457.0,2997.0,"{""geodesic"":false,""type"":""Point"",""coordinates"":[83.46395526776355,26.748819804877552]}"
152,2324.0,1888.0,3012.0,"{""geodesic"":false,""type"":""Point"",""coordinates"":[83.40709191027878,26.755826664093686]}"
153,2426.0,2511.0,3033.0,"{""geodesic"":false,""type"":""Point"",""coordinates"":[83.49333017755426,26.7574436316051]}"
154,2420.0,2359.0,3035.0,"{""geodesic"":false,""type"":""Point"",""coordinates"":[83.43377187421713,26.75798262077557]}"
155,2092.0,2090.0,3017.0,"{""geodesic"":false,""type"":""Point"",""coordinates"":[83.46530274068972,26.758252115360808]}"
156,2286.0,2288.0,3035.0,"{""geodesic"":false,""type"":""Point"",""coordinates"":[83.52513053861209,26.758252115360808]}"
157,2536.0,1589.0,3005.0,"{""geodesic"":false,""type"":""Point"",""coordinates"":[83.44913306557558,26.768492909599768]}"
158,2336.0,1972.0,3025.0,"{""geodesic"":false,""type"":""Point"",""coordinates"":[83.5154287335436,26.771457350037362]}"
159,2312.0,2405.0,3032.0,"{""geodesic"":false,""type"":""Point"",""coordinates"":[83.53240689241345,26.780350671350146]}"
160,2238.0,2334.0,3028.0,"{""geodesic"":false,""type"":""Point"",""coordinates"":[83.39739010521029,26.786818541395807]}"
161,2202.0,2153.0,3027.0,"{""geodesic"":false,""type"":""Point"",""coordinates"":[83.49252169379855,26.811073054067034]}"
162,2553.0,2605.0,3044.0,"{""geodesic"":false,""type"":""Point"",""coordinates"":[83.26318180176284,26.555592187263443]}"
163,2828.0,2875.0,3045.0,"{""geodesic"":false,""type"":""Point"",""coordinates"":[83.35615743366921,26.56098207896816]}"
164,2903.0,2770.0,3051.0,"{""geodesic"":false,""type"":""Point"",""coordinates"":[83.17936898575448,26.577151754082312]}"
165,2817.0,2655.0,3049.0,"{""geodesic"":false,""type"":""Point"",""coordinates"":[83.31492476212811,26.579307710764198]}"
166,2792.0,2486.0,3044.0,"{""geodesic"":false,""type"":""Point"",""coordinates"":[83.29417367906495,26.602753739679716]}"
167,2619.0,2569.0,3040.0,"{""geodesic"":false,""type"":""Point"",""coordinates"":[83.24593414830774,26.604101212605897]}"
168,3271.0,3107.0,3053.0,"{""geodesic"":false,""type"":""Point"",""coordinates"":[83.32732151304897,26.61622846894151]}"
169,2664.0,2070.0,3047.0,"{""geodesic"":false,""type"":""Point"",""coordinates"":[83.33783180187316,26.631589660299955]}"
170,2507.0,2280.0,3035.0,"{""geodesic"":false,""type"":""Point"",""coordinates"":[83.30064154911062,26.637518541175144]}"
171,2569.0,1879.0,3047.0,"{""geodesic"":false,""type"":""Point"",""coordinates"":[83.18341140453302,26.641560959953683]}"
172,2689.0,2363.0,3039.0,"{""geodesic"":false,""type"":""Point"",""coordinates"":[83.23784931075066,26.648298324584577]}"
173,1728.0,1368.0,3031.0,"{""geodesic"":false,""type"":""Point"",""coordinates"":[83.27854299312128,26.6507237758517]}"
174,2581.0,2691.0,3046.0,"{""geodesic"":false,""type"":""Point"",""coordinates"":[83.29498216282066,26.65719164589736]}"
175,2472.0,2514.0,3031.0,"{""geodesic"":false,""type"":""Point"",""coordinates"":[83.38714931097132,26.65853911882354]}"
176,3030.0,2882.0,3039.0,"{""geodesic"":false,""type"":""Point"",""coordinates"":[83.2621038234219,26.66312052677255]}"
177,2087.0,1523.0,3003.0,"{""geodesic"":false,""type"":""Point"",""coordinates"":[83.38283739760756,26.672552837255804]}"
178,1898.0,1402.0,3031.0,"{""geodesic"":false,""type"":""Point"",""coordinates"":[83.38822728931227,26.672552837255804]}"
179,2523.0,2270.0,3039.0,"{""geodesic"":false,""type"":""Point"",""coordinates"":[83.17882999658401,26.67416980476722]}"
180,2605.0,3168.0,3033.0,"{""geodesic"":false,""type"":""Point"",""coordinates"":[83.3876883001418,26.68252413690953]}"
181,2721.0,2414.0,3038.0,"{""geodesic"":false,""type"":""Point"",""coordinates"":[83.38283739760756,26.685758071932362]}"
182,2720.0,2580.0,3014.0,"{""geodesic"":false,""type"":""Point"",""coordinates"":[83.26911068263803,26.68845301778472]}"
183,2338.0,2020.0,3026.0,"{""geodesic"":false,""type"":""Point"",""coordinates"":[83.28177692814411,26.698424317438448]}"
184,2655.0,2580.0,3027.0,"{""geodesic"":false,""type"":""Point"",""coordinates"":[83.35588793908397,26.702466736216984]}"
185,2406.0,1864.0,3016.0,"{""geodesic"":false,""type"":""Point"",""coordinates"":[83.341065736896,26.7040837037284]}"
186,2344.0,2314.0,3035.0,"{""geodesic"":false,""type"":""Point"",""coordinates"":[83.30252801120727,26.707048144165995]}"
187,2641.0,2266.0,3045.0,"{""geodesic"":false,""type"":""Point"",""coordinates"":[83.2162897439318,26.707587133336467]}"
188,2675.0,2527.0,3037.0,"{""geodesic"":false,""type"":""Point"",""coordinates"":[83.1712841481974,26.71001258460359]}"
189,2457.0,2044.0,3019.0,"{""geodesic"":false,""type"":""Point"",""coordinates"":[83.34726411235643,26.726451754302975]}"
190,2271.0,1974.0,3038.0,"{""geodesic"":false,""type"":""Point"",""coordinates"":[83.25078505084198,26.730494173081514]}"
191,2767.0,3531.0,3014.0,"{""geodesic"":false,""type"":""Point"",""coordinates"":[83.34753360694165,26.731302656837222]}"
192,2398.0,2480.0,3028.0,"{""geodesic"":false,""type"":""Point"",""coordinates"":[83.3898442568237,26.731302656837222]}"
193,2809.0,2751.0,3038.0,"{""geodesic"":false,""type"":""Point"",""coordinates"":[83.31735021339524,26.736153559371466]}"
194,2214.0,2314.0,3012.0,"{""geodesic"":false,""type"":""Point"",""coordinates"":[83.38661032180086,26.73669254854194]}"
195,2543.0,2408.0,3041.0,"{""geodesic"":false,""type"":""Point"",""coordinates"":[83.20982187388613,26.742082440246655]}"
196,930.0,437.0,2996.0,"{""geodesic"":false,""type"":""Point"",""coordinates"":[83.341065736896,26.743699407758072]}"
197,2126.0,2196.0,3028.0,"{""geodesic"":false,""type"":""Point"",""coordinates"":[83.38229840843708,26.743699407758072]}"
198,985.0,404.0,2999.0,"{""geodesic"":false,""type"":""Point"",""coordinates"":[83.29713811950255,26.745855364439958]}"
199,2703.0,2306.0,3026.0,"{""geodesic"":false,""type"":""Point"",""coordinates"":[83.33001645890133,26.746663848195666]}"
200,2384.0,2668.0,3031.0,"{""geodesic"":false,""type"":""Point"",""coordinates"":[83.26129533966618,26.748011321121844]}"
201,2784.0,2827.0,3026.0,"{""geodesic"":false,""type"":""Point"",""coordinates"":[83.31196032169052,26.74962828863326]}"
202,935.0,390.0,3000.0,"{""geodesic"":false,""type"":""Point"",""coordinates"":[83.32866898597514,26.75151475072991]}"
203,2363.0,1904.0,3014.0,"{""geodesic"":false,""type"":""Point"",""coordinates"":[83.34699461777119,26.75151475072991]}"
204,2546.0,2450.0,3035.0,"{""geodesic"":false,""type"":""Point"",""coordinates"":[83.33244191016846,26.751784245315147]}"
205,2419.0,2825.0,3047.0,"{""geodesic"":false,""type"":""Point"",""coordinates"":[83.24296970787015,26.75340121282656]}"
206,2116.0,1852.0,3030.0,"{""geodesic"":false,""type"":""Point"",""coordinates"":[83.25105454542722,26.753940201997032]}"
207,2492.0,2518.0,3044.0,"{""geodesic"":false,""type"":""Point"",""coordinates"":[83.28204642272934,26.753940201997032]}"
208,1424.0,1119.0,3004.0,"{""geodesic"":false,""type"":""Point"",""coordinates"":[83.29174822779784,26.759599588286985]}"
209,2339.0,2011.0,3024.0,"{""geodesic"":false,""type"":""Point"",""coordinates"":[83.3372928127027,26.764450490821233]}"
210,2625.0,2653.0,3029.0,"{""geodesic"":false,""type"":""Point"",""coordinates"":[83.33082494265703,26.78466258471392]}"
211,2593.0,2481.0,3043.0,"{""geodesic"":false,""type"":""Point"",""coordinates"":[83.18637584497061,26.78654904681057]}"
212,2275.0,2388.0,3044.0,"{""geodesic"":false,""type"":""Point"",""coordinates"":[83.20631844427807,26.789243992662932]}"
213,2776.0,1366.0,3027.0,"{""geodesic"":false,""type"":""Point"",""coordinates"":[83.31357728920194,26.789243992662932]}"
214,1734.0,1361.0,3030.0,"{""geodesic"":false,""type"":""Point"",""coordinates"":[83.14244822757718,26.79247792768576]}"
215,2437.0,2063.0,3037.0,"{""geodesic"":false,""type"":""Point"",""coordinates"":[83.27234461766085,26.80164074358378]}"
216,2397.0,2169.0,3030.0,"{""geodesic"":false,""type"":""Point"",""coordinates"":[83.33378938309463,26.802449227339487]}"
217,2633.0,2236.0,3027.0,"{""geodesic"":false,""type"":""Point"",""coordinates"":[83.23650183782448,26.802718721924723]}"
218,2566.0,1692.0,3028.0,"{""geodesic"":false,""type"":""Point"",""coordinates"":[83.30360598954822,26.802718721924723]}"
219,2644.0,1918.0,3028.0,"{""geodesic"":false,""type"":""Point"",""coordinates"":[83.31896718090665,26.802718721924723]}"
220,2422.0,2535.0,3041.0,"{""geodesic"":false,""type"":""Point"",""coordinates"":[83.37556104380619,26.806491646118026]}"
221,2030.0,2324.0,3060.0,"{""geodesic"":false,""type"":""Point"",""coordinates"":[83.36424227122627,26.81053406489656]}"
